{"how": [0.3333333333333333, 0.3333333333333333], "what": [0.7777777777777778, 0.6842105263157895], "when": [1.0, 1.0], "where": [0.9736842105263158, 0.5], "which": [0.5, 0.0]}