{"1": 0.6842857142857144, "2": 0.7576184379001282, "3": 0.8063031976075455, "4": 0.8646411065454627, "5": 0.7754456626104136, "6": 0.7726528710422267, "7": 0.7396601326481006, "8": 0.7406150086297145, "9": 0.7484006154567171, "10": 0.753284924498789, "11": 0.7516120581374439, "12": 0.7758074075105948, "13": 0.7467166282711927, "14": 0.7917971271413615, "15": 0.8194939942933561, "16": 0.7831420604858104, "17": 0.7848372080408281, "18": 0.7515650512779078, "19": 0.7540051714650033, "20": 0.7164933024491847, "21": 0.7371731728310678, "22": 0.7565717530634982, "23": 0.7414612185200422, "24": 0.7109246856102203, "25": 0.7340692926644116, "26": 0.7635071458726064, "27": 0.738305882152036, "28": 0.7487619694596315, "29": 0.7574986333632948, "30": 0.7351939246866782, "31": 0.7177727260113622, "32": 0.7444289778576724, "33": 0.7769866152219091, "34": 0.6783079808181021, "35": 0.6668626411556497, "36": 0.7170960981582313, "37": 0.667381936538297, "38": 0.6481175476212241, "39": 0.5609876567876568, "40": 0.5531491677085383, "41": 0.5394549447449555, "42": 0.7003394455007359, "43": 0.6768881133325899, "44": 0.7394324350924063, "45": 0.7937227347488293, "46": 0.49041055435792275, "47": 0.4599623517668632, "48": 0.6998138424660613, "49": 0.7155135761652807, "50": 0.6540383227883227, "51": 0.526584707957257, "52": 0.7373015873015873, "53": 0.7062555168775764, "54": 0.7013916922471911, "55": 0.6303257200316024, "56": 0.7070836570836571, "57": 0.8201612903225806, "58": 0.7114940959661455, "59": 0.5018971768971768, "60": 0.608524357666234, "61": 0.8257278669043374, "62": 0.5339215132693393, "63": 0.8351122561648877, "64": 0.5124985302763081, "65": 0.5934343434343434, "66": 0.3984593963541333, "67": 0.8444205032440327, "68": 0.6521774521774523, "69": 0.37372213842802077, "70": 0.42397186147186144, "71": 0.5721566376457682, "72": 0.44283023739545485, "73": 0.7523148148148149, "74": 0.6271825396825397, "75": 0.5126748251748251, "76": 0.933202614379085, "77": 0.40977813562354626, "78": 0.5669515669515669, "79": 0.6666666666666667, "80": 0.8468045112781954, "81": 0.6987179487179487, "82": 0.5818759018759019, "83": 0.6890006838855943, "84": 0.597883597883598, "85": 0.675, "86": 0.7266009852216748, "87": 0.7478057889822597, "88": 0.47744360902255634, "89": 0.4677206851119894, "90": 0.28042328042328046, "91": 0.3333333333333333, "92": 0.6761904761904762, "93": 0.0, "94": 0.44523809523809527, "95": 1.0, "96": 0.7523809523809524, "98": 1.0, "99": 0.4232804232804233, "100": 0.8015873015873016, "103": 1.0, "104": 0.0, "105": 0.13333333333333333, "107": 0.13333333333333333, "109": 0.7, "110": 1.0, "111": 1.0, "112": 0.3333333333333333, "113": 1.0, "114": 0.7272727272727273, "117": 1.0, "118": 1.0, "121": 0.11764705882352941, "122": 0.4966772993088783, "123": 0.7777777777777778, "131": 0.9655172413793104, "136": 0.3636363636363636, "140": 0.6293436293436294, "157": 0.06896551724137932}